Feature,Coefficient,Absolute
Communication_Skills,1.660829481570709,1.660829481570709
IQ,1.441240539288314,1.441240539288314
CGPA,1.1056820759742543,1.1056820759742543
Projects_Completed,1.0439803460467647,1.0439803460467647
Prev_Sem_Result,0.5169625416493177,0.5169625416493177
Extra_Curricular_Score,-0.03919845370791953,0.03919845370791953
Internship_Experience,0.012882630684666111,0.012882630684666111
Academic_Performance,-0.010528667172101658,0.010528667172101658
